-- phpMyAdmin SQL Dump
-- version 4.7.7
-- https://www.phpmyadmin.net/
--
-- Host: 127.0.0.1
-- Generation Time: Mar 31, 2018 at 03:26 AM
-- Server version: 10.1.30-MariaDB
-- PHP Version: 7.2.2

SET SQL_MODE = "NO_AUTO_VALUE_ON_ZERO";
SET AUTOCOMMIT = 0;
START TRANSACTION;
SET time_zone = "+00:00";


/*!40101 SET @OLD_CHARACTER_SET_CLIENT=@@CHARACTER_SET_CLIENT */;
/*!40101 SET @OLD_CHARACTER_SET_RESULTS=@@CHARACTER_SET_RESULTS */;
/*!40101 SET @OLD_COLLATION_CONNECTION=@@COLLATION_CONNECTION */;
/*!40101 SET NAMES utf8mb4 */;

--
-- Database: `news`
--

-- --------------------------------------------------------

--
-- Table structure for table `articles`
--

CREATE TABLE `articles` (
  `id` int(10) UNSIGNED NOT NULL,
  `user_id` int(11) NOT NULL,
  `title` varchar(191) COLLATE utf8mb4_unicode_ci NOT NULL,
  `body` longtext COLLATE utf8mb4_unicode_ci NOT NULL,
  `url` varchar(191) COLLATE utf8mb4_unicode_ci DEFAULT NULL,
  `publish` varchar(191) COLLATE utf8mb4_unicode_ci NOT NULL DEFAULT 'no',
  `created_at` timestamp NULL DEFAULT NULL,
  `updated_at` timestamp NULL DEFAULT NULL
) ENGINE=InnoDB DEFAULT CHARSET=utf8mb4 COLLATE=utf8mb4_unicode_ci;

--
-- Dumping data for table `articles`
--

INSERT INTO `articles` (`id`, `user_id`, `title`, `body`, `url`, `publish`, `created_at`, `updated_at`) VALUES
(1, 3, 'my first test', 'hi hi hih hiscjnklcmamc', '1522359674.jpg', 'no', '2018-03-29 19:41:14', '2018-03-29 19:41:14'),
(2, 3, 'Reda one', 'heeey am reda reda', '1522359804.jpg', 'yes', '2018-03-29 19:43:24', '2018-03-30 16:45:06'),
(4, 3, 'First try to Edit', 'This is been edited by admin panel', '1522360237.jpg', 'yes', '2018-03-29 19:50:37', '2018-03-30 16:15:08'),
(5, 3, 'Second Test demo', 'Been Edited now', '1522364158.jpg', 'yes', '2018-03-29 20:55:58', '2018-03-30 16:19:22'),
(6, 6, 'Test with mama', 'nasccnsdkcsac ckladcmaklcma akcacakdmcdaskc', '1522441918.jpg', 'yes', '2018-03-30 18:31:58', '2018-03-30 18:34:32'),
(7, 3, 'test edit', 'test test edit', '1522455436.jpg', 'no', '2018-03-30 22:06:11', '2018-03-30 22:17:16');

-- --------------------------------------------------------

--
-- Table structure for table `comments`
--

CREATE TABLE `comments` (
  `id` int(10) UNSIGNED NOT NULL,
  `articles_id` int(11) NOT NULL,
  `user_id` int(11) NOT NULL,
  `body` varchar(255) COLLATE utf8mb4_unicode_ci NOT NULL,
  `created_at` timestamp NULL DEFAULT NULL,
  `updated_at` timestamp NULL DEFAULT NULL,
  `publish` varchar(191) COLLATE utf8mb4_unicode_ci NOT NULL DEFAULT 'no'
) ENGINE=InnoDB DEFAULT CHARSET=utf8mb4 COLLATE=utf8mb4_unicode_ci;

--
-- Dumping data for table `comments`
--

INSERT INTO `comments` (`id`, `articles_id`, `user_id`, `body`, `created_at`, `updated_at`, `publish`) VALUES
(1, 1, 3, 'hii all', '2018-03-29 21:08:58', '2018-03-29 21:08:58', 'no'),
(2, 1, 3, 'another comment', '2018-03-29 21:21:40', '2018-03-29 21:21:40', 'no'),
(4, 4, 3, 'Another try', '2018-03-30 17:08:00', '2018-03-30 17:51:51', 'yes'),
(5, 4, 3, 'comment on article 4', '2018-03-30 22:39:33', '2018-03-30 22:39:33', 'no'),
(6, 4, 3, 'comment  two on article 4 update', '2018-03-30 22:40:01', '2018-03-30 23:15:40', 'no');

-- --------------------------------------------------------

--
-- Table structure for table `migrations`
--

CREATE TABLE `migrations` (
  `id` int(10) UNSIGNED NOT NULL,
  `migration` varchar(191) COLLATE utf8mb4_unicode_ci NOT NULL,
  `batch` int(11) NOT NULL
) ENGINE=InnoDB DEFAULT CHARSET=utf8mb4 COLLATE=utf8mb4_unicode_ci;

--
-- Dumping data for table `migrations`
--

INSERT INTO `migrations` (`id`, `migration`, `batch`) VALUES
(1, '2014_10_12_000000_create_users_table', 1),
(2, '2014_10_12_100000_create_password_resets_table', 1),
(3, '2018_03_29_211100_create_articles_table', 2),
(4, '2018_03_29_211325_create_comments_table', 2),
(5, '2018_03_30_145608_create_roles_table', 3),
(6, '2018_03_30_145900_create_user_role_table', 3),
(7, '2018_03_30_185826_add_publish_to_comments', 4);

-- --------------------------------------------------------

--
-- Table structure for table `password_resets`
--

CREATE TABLE `password_resets` (
  `email` varchar(191) COLLATE utf8mb4_unicode_ci NOT NULL,
  `token` varchar(191) COLLATE utf8mb4_unicode_ci NOT NULL,
  `created_at` timestamp NULL DEFAULT NULL
) ENGINE=InnoDB DEFAULT CHARSET=utf8mb4 COLLATE=utf8mb4_unicode_ci;

-- --------------------------------------------------------

--
-- Table structure for table `roles`
--

CREATE TABLE `roles` (
  `id` int(10) UNSIGNED NOT NULL,
  `name` varchar(191) COLLATE utf8mb4_unicode_ci NOT NULL,
  `describtion` varchar(191) COLLATE utf8mb4_unicode_ci NOT NULL,
  `created_at` timestamp NULL DEFAULT NULL,
  `updated_at` timestamp NULL DEFAULT NULL
) ENGINE=InnoDB DEFAULT CHARSET=utf8mb4 COLLATE=utf8mb4_unicode_ci;

--
-- Dumping data for table `roles`
--

INSERT INTO `roles` (`id`, `name`, `describtion`, `created_at`, `updated_at`) VALUES
(1, 'admin', 'This One Can do anything within the site from editing, deleting, and creating user and posts, even he can approve posts and comments', '2018-03-30 16:53:53', NULL),
(2, 'user', 'This One is a normal user', NULL, NULL);

-- --------------------------------------------------------

--
-- Table structure for table `users`
--

CREATE TABLE `users` (
  `id` int(10) UNSIGNED NOT NULL,
  `name` varchar(191) COLLATE utf8mb4_unicode_ci NOT NULL,
  `email` varchar(191) COLLATE utf8mb4_unicode_ci NOT NULL,
  `password` varchar(191) COLLATE utf8mb4_unicode_ci NOT NULL,
  `remember_token` varchar(100) COLLATE utf8mb4_unicode_ci DEFAULT NULL,
  `created_at` timestamp NULL DEFAULT NULL,
  `updated_at` timestamp NULL DEFAULT NULL
) ENGINE=InnoDB DEFAULT CHARSET=utf8mb4 COLLATE=utf8mb4_unicode_ci;

--
-- Dumping data for table `users`
--

INSERT INTO `users` (`id`, `name`, `email`, `password`, `remember_token`, `created_at`, `updated_at`) VALUES
(3, 'Ahmed Reda', 'reda19952018@gmail.com', '$2y$10$D9SUnNRDh/HLkeqqvRC/gupGDZ5etRmrG5bxWtfVgqLiEoNwyb7h2', 'LWpTUHCzK29zptotmrxa69umjuQsyHFdkW0w5LumEe4UY0L6g8L9iAamxjBO', '2018-03-29 18:32:07', '2018-03-29 18:32:07'),
(4, 'Amir Abbas', 'amir@example.com', '$2y$10$1ZfLXIw1uisY1W16OHHFlez2pvmU3oBYyo/hxVKazn7iKdVHDSERe', '7kOjQbu5kec4npwihlqO74klO1ITUqo8XRnKys70S8MLyzufcoyU9yedYWlU', '2018-03-30 15:19:45', '2018-03-30 15:19:45'),
(5, 'test user', 'test@example.com', '$2y$10$kCXVKtjRlMSQpLeZTF/9guegRcOvDNfWPd48S1M6POUPkFykA5u7G', NULL, '2018-03-30 15:22:36', '2018-03-30 15:22:36'),
(6, 'mama lubna', 'mama@example.com', '$2y$10$rwrTToljbvDFQRGL5TTx8uHN/bAzzhpNzCFBNPId2ijjFxltCID5e', 'ht8IzDncrzRMv1AIgSfLj3TPB7bViLOWLtyu3zbWg5DSjoVIEsow3IVEWacH', '2018-03-30 18:31:07', '2018-03-30 18:31:07');

-- --------------------------------------------------------

--
-- Table structure for table `user_role`
--

CREATE TABLE `user_role` (
  `id` int(10) UNSIGNED NOT NULL,
  `user_id` varchar(191) COLLATE utf8mb4_unicode_ci NOT NULL,
  `role_id` varchar(191) COLLATE utf8mb4_unicode_ci NOT NULL,
  `created_at` timestamp NULL DEFAULT NULL,
  `updated_at` timestamp NULL DEFAULT NULL
) ENGINE=InnoDB DEFAULT CHARSET=utf8mb4 COLLATE=utf8mb4_unicode_ci;

--
-- Dumping data for table `user_role`
--

INSERT INTO `user_role` (`id`, `user_id`, `role_id`, `created_at`, `updated_at`) VALUES
(4, '3', '1', NULL, NULL),
(5, '4', '2', NULL, NULL),
(6, '5', '2', NULL, NULL),
(7, '6', '2', NULL, NULL);

--
-- Indexes for dumped tables
--

--
-- Indexes for table `articles`
--
ALTER TABLE `articles`
  ADD PRIMARY KEY (`id`);

--
-- Indexes for table `comments`
--
ALTER TABLE `comments`
  ADD PRIMARY KEY (`id`);

--
-- Indexes for table `migrations`
--
ALTER TABLE `migrations`
  ADD PRIMARY KEY (`id`);

--
-- Indexes for table `password_resets`
--
ALTER TABLE `password_resets`
  ADD KEY `password_resets_email_index` (`email`);

--
-- Indexes for table `roles`
--
ALTER TABLE `roles`
  ADD PRIMARY KEY (`id`);

--
-- Indexes for table `users`
--
ALTER TABLE `users`
  ADD PRIMARY KEY (`id`),
  ADD UNIQUE KEY `users_email_unique` (`email`);

--
-- Indexes for table `user_role`
--
ALTER TABLE `user_role`
  ADD PRIMARY KEY (`id`);

--
-- AUTO_INCREMENT for dumped tables
--

--
-- AUTO_INCREMENT for table `articles`
--
ALTER TABLE `articles`
  MODIFY `id` int(10) UNSIGNED NOT NULL AUTO_INCREMENT, AUTO_INCREMENT=8;

--
-- AUTO_INCREMENT for table `comments`
--
ALTER TABLE `comments`
  MODIFY `id` int(10) UNSIGNED NOT NULL AUTO_INCREMENT, AUTO_INCREMENT=7;

--
-- AUTO_INCREMENT for table `migrations`
--
ALTER TABLE `migrations`
  MODIFY `id` int(10) UNSIGNED NOT NULL AUTO_INCREMENT, AUTO_INCREMENT=8;

--
-- AUTO_INCREMENT for table `roles`
--
ALTER TABLE `roles`
  MODIFY `id` int(10) UNSIGNED NOT NULL AUTO_INCREMENT, AUTO_INCREMENT=3;

--
-- AUTO_INCREMENT for table `users`
--
ALTER TABLE `users`
  MODIFY `id` int(10) UNSIGNED NOT NULL AUTO_INCREMENT, AUTO_INCREMENT=7;

--
-- AUTO_INCREMENT for table `user_role`
--
ALTER TABLE `user_role`
  MODIFY `id` int(10) UNSIGNED NOT NULL AUTO_INCREMENT, AUTO_INCREMENT=8;
COMMIT;

/*!40101 SET CHARACTER_SET_CLIENT=@OLD_CHARACTER_SET_CLIENT */;
/*!40101 SET CHARACTER_SET_RESULTS=@OLD_CHARACTER_SET_RESULTS */;
/*!40101 SET COLLATION_CONNECTION=@OLD_COLLATION_CONNECTION */;
